{
  "mAP@0.5": 0.6986239888233192,
  "mAP@0.5:0.95": 0.3624436871198472,
  "per_class_AP": {
    "fire": {
      "0.50": 0.7810614986042465,
      "0.55": 0.7433100588210843,
      "0.60": 0.6940713411158406,
      "0.65": 0.62722870412005,
      "0.70": 0.5415639932655639,
      "0.75": 0.4249282235968663,
      "0.80": 0.2941554189768264,
      "0.85": 0.15626638610710525,
      "0.90": 0.054147770826249234,
      "0.95": 0.00681860638894078
    },
    "smoke": {
      "0.50": 0.616186479042392,
      "0.55": 0.5622554261193204,
      "0.60": 0.4971628539481674,
      "0.65": 0.42586986847808256,
      "0.70": 0.34352676723367775,
      "0.75": 0.24722969173044884,
      "0.80": 0.1442310033578989,
      "0.85": 0.07054238849529738,
      "0.90": 0.01769845028769764,
      "0.95": 0.0006188118811881188
    }
  },
  "classes_used_for_mean": [
    "fire",
    "smoke"
  ],
  "images": 3099,
  "predictions": 5552,
  "avg_inference_time_ms_per_image": 5.797945081985701,
  "ground_truth_boxes": {
    "fire": 1755,
    "smoke": 2176
  }
}